The Shawshank Redemption,678,79,1,,,,,,,,,,,,,,,,,,,F:\phani\CBA\webix_spreadsheet\webix_spreadsheet\App_Data\Data2.xlsx
The Godfather,511,495,2,,,,,,,,,,,,,,,,,,,F:\phani\CBA\webix_spreadsheet\webix_spreadsheet\App_Data\Data2.xlsx
The Godfather: Part II,319,352,3,,,,,,,,,,,,,,,,,,,F:\phani\CBA\webix_spreadsheet\webix_spreadsheet\App_Data\Data2.xlsx
The Good, the Bad and the Ugly,213,03,4,,,,,,,,,,,,,,,,,,,F:\phani\CBA\webix_spreadsheet\webix_spreadsheet\App_Data\Data2.xlsx
My Fair Lady,533,848,5,,,,,,,,,,,,,,,,,,,F:\phani\CBA\webix_spreadsheet\webix_spreadsheet\App_Data\Data2.xlsx
12 Angry Men,164,558,6,,,,,,,,,,,,,,,,,,,F:\phani\CBA\webix_spreadsheet\webix_spreadsheet\App_Data\Data2.xlsx
Schindler's List,355,638,7,,,,,,,,,,,,,,,,,,,F:\phani\CBA\webix_spreadsheet\webix_spreadsheet\App_Data\Data2.xlsx
One Flew Over the Cuckoo's Nest,283,176,8,,,,,,,,,,,,,,,,,,,F:\phani\CBA\webix_spreadsheet\webix_spreadsheet\App_Data\Data2.xlsx
The Dark Knight,612,37,9,,,,,,,,,,,,,,,,,,,F:\phani\CBA\webix_spreadsheet\webix_spreadsheet\App_Data\Data2.xlsx
,,,,,,,,,,,,,,,,,,,,,F:\phani\CBA\webix_spreadsheet\webix_spreadsheet\App_Data\Data2.xlsx
,,,,,,,,,,,,,,,,,,,,,F:\phani\CBA\webix_spreadsheet\webix_spreadsheet\App_Data\Data2.xlsx
,,,,,,,,,,,,,,,,,,,,,F:\phani\CBA\webix_spreadsheet\webix_spreadsheet\App_Data\Data2.xlsx
,,,,,,,,,,,,,,,,,,,,,F:\phani\CBA\webix_spreadsheet\webix_spreadsheet\App_Data\Data2.xlsx
,,,,,,,,,,,,,,,,,,,,,F:\phani\CBA\webix_spreadsheet\webix_spreadsheet\App_Data\Data2.xlsx
,,,,,,,,,,,,,,,,,,,,,F:\phani\CBA\webix_spreadsheet\webix_spreadsheet\App_Data\Data2.xlsx
,,,,,,,,,,,,,,,,,,,,,F:\phani\CBA\webix_spreadsheet\webix_spreadsheet\App_Data\Data2.xlsx
,,,,,,,,,,,,,,,,,,,,,F:\phani\CBA\webix_spreadsheet\webix_spreadsheet\App_Data\Data2.xlsx
,,,,,,,,,,,,,,,,,,,,,F:\phani\CBA\webix_spreadsheet\webix_spreadsheet\App_Data\Data2.xlsx
,,,,,,,,,,,,,,,,,,,,,F:\phani\CBA\webix_spreadsheet\webix_spreadsheet\App_Data\Data2.xlsx
,,,,,,,,,,,,,,,,,,,,,F:\phani\CBA\webix_spreadsheet\webix_spreadsheet\App_Data\Data2.xlsx
,,,,,,,,,,,,,,,,,,,,,F:\phani\CBA\webix_spreadsheet\webix_spreadsheet\App_Data\Data2.xlsx
,,,,,,,,,,,,,,,,,,,,,F:\phani\CBA\webix_spreadsheet\webix_spreadsheet\App_Data\Data2.xlsx
,,,,,,,,,,,,,,,,,,,,,F:\phani\CBA\webix_spreadsheet\webix_spreadsheet\App_Data\Data2.xlsx
,,,,,,,,,,,,,,,,,,,,,F:\phani\CBA\webix_spreadsheet\webix_spreadsheet\App_Data\Data2.xlsx
,,,,,,,,,,,,,,,,,,,,,F:\phani\CBA\webix_spreadsheet\webix_spreadsheet\App_Data\Data2.xlsx
,,,,,,,,,,,,,,,,,,,,,F:\phani\CBA\webix_spreadsheet\webix_spreadsheet\App_Data\Data2.xlsx
,,,,,,,,,,,,,,,,,,,,,F:\phani\CBA\webix_spreadsheet\webix_spreadsheet\App_Data\Data2.xlsx
,,,,,,,,,,,,,,,,,,,,,F:\phani\CBA\webix_spreadsheet\webix_spreadsheet\App_Data\Data2.xlsx
,,,,,,,,,,,,,,,,,,,,,F:\phani\CBA\webix_spreadsheet\webix_spreadsheet\App_Data\Data2.xlsx
,,,,,,,,,,,,,,,,,,,,,F:\phani\CBA\webix_spreadsheet\webix_spreadsheet\App_Data\Data2.xlsx
,,,,,,,,,,,,,,,,,,,,,F:\phani\CBA\webix_spreadsheet\webix_spreadsheet\App_Data\Data2.xlsx
,,,,,,,,,,,,,,,,,,,,,F:\phani\CBA\webix_spreadsheet\webix_spreadsheet\App_Data\Data2.xlsx
,,,,,,,,,,,,,,,,,,,,,F:\phani\CBA\webix_spreadsheet\webix_spreadsheet\App_Data\Data2.xlsx
,,,,,,,,,,,,,,,,,,,,,F:\phani\CBA\webix_spreadsheet\webix_spreadsheet\App_Data\Data2.xlsx
,,,,,,,,,,,,,,,,,,,,,F:\phani\CBA\webix_spreadsheet\webix_spreadsheet\App_Data\Data2.xlsx
,,,,,,,,,,,,,,,,,,,,,F:\phani\CBA\webix_spreadsheet\webix_spreadsheet\App_Data\Data2.xlsx
,,,,,,,,,,,,,,,,,,,,,F:\phani\CBA\webix_spreadsheet\webix_spreadsheet\App_Data\Data2.xlsx
,,,,,,,,,,,,,,,,,,,,,F:\phani\CBA\webix_spreadsheet\webix_spreadsheet\App_Data\Data2.xlsx
,,,,,,,,,,,,,,,,,,,,,F:\phani\CBA\webix_spreadsheet\webix_spreadsheet\App_Data\Data2.xlsx
,,,,,,,,,,,,,,,,,,,,,F:\phani\CBA\webix_spreadsheet\webix_spreadsheet\App_Data\Data2.xlsx
,,,,,,,,,,,,,,,,,,,,,F:\phani\CBA\webix_spreadsheet\webix_spreadsheet\App_Data\Data2.xlsx
,,,,,,,,,,,,,,,,,,,,,F:\phani\CBA\webix_spreadsheet\webix_spreadsheet\App_Data\Data2.xlsx
,,,,,,,,,,,,,,,,,,,,,F:\phani\CBA\webix_spreadsheet\webix_spreadsheet\App_Data\Data2.xlsx
,,,,,,,,,,,,,,,,,,,,,F:\phani\CBA\webix_spreadsheet\webix_spreadsheet\App_Data\Data2.xlsx
,,,,,,,,,,,,,,,,,,,,,F:\phani\CBA\webix_spreadsheet\webix_spreadsheet\App_Data\Data2.xlsx
,,,,,,,,,,,,,,,,,,,,,F:\phani\CBA\webix_spreadsheet\webix_spreadsheet\App_Data\Data2.xlsx
,,,,,,,,,,,,,,,,,,,,,F:\phani\CBA\webix_spreadsheet\webix_spreadsheet\App_Data\Data2.xlsx
,,,,,,,,,,,,,,,,,,,,,F:\phani\CBA\webix_spreadsheet\webix_spreadsheet\App_Data\Data2.xlsx
,,,,,,,,,,,,,,,,,,,,,F:\phani\CBA\webix_spreadsheet\webix_spreadsheet\App_Data\Data2.xlsx
